{
  "version": "1.1.1",
  "windows": {
    "main": {
      "main": true,
      "url": "app://editor/index.html",
      "windowType": "dockable",
      "x": -8,
      "y": -8,
      "width": 1552,
      "height": 832,
      "layout": {
        "type": "dock-h",
        "children": [
          {
            "width": 304.1000061035156,
            "height": 657,
            "type": "dock-v",
            "children": [
              {
                "width": 304.1000061035156,
                "height": 228,
                "type": "panel",
                "active": 0,
                "children": [
                  "hierarchy"
                ]
              },
              {
                "width": 304.1000061035156,
                "height": 425.9875183105469,
                "type": "panel",
                "active": 0,
                "children": [
                  "assets"
                ]
              }
            ]
          },
          {
            "width": 652.2125244140625,
            "height": 657,
            "type": "dock-v",
            "children": [
              {
                "width": 652.2125244140625,
                "height": 328,
                "type": "dock-h",
                "children": [
                  {
                    "width": 385.2124938964844,
                    "height": 328,
                    "type": "panel",
                    "active": 0,
                    "children": [
                      "scene"
                    ]
                  },
                  {
                    "width": 264,
                    "height": 328,
                    "type": "panel",
                    "active": 0,
                    "children": [
                      "node-library"
                    ]
                  }
                ]
              },
              {
                "width": 652.2125244140625,
                "height": 326,
                "type": "panel",
                "active": 0,
                "children": [
                  "console",
                  "timeline",
                  "game-window"
                ]
              }
            ]
          },
          {
            "width": 304.1000061035156,
            "height": 657,
            "type": "panel",
            "active": 0,
            "children": [
              "inspector",
              "cocos-services"
            ]
          }
        ]
      },
      "panels": [
        "hierarchy",
        "assets",
        "scene",
        "node-library",
        "console",
        "timeline",
        "game-window",
        "inspector",
        "cocos-services"
      ]
    },
    " common-asset-worker-worker": {}
  },
  "panels": {},
  "panelLabelWidth": {}
}
