{"frameRate":25,"armature":[{"animation":[{"ffd":[],"frame":[],"bone":[{"rotateFrame":[],"scaleFrame":[],"translateFrame":[],"name":"root"},{"rotateFrame":[{"duration":1},{"duration":1},{"duration":1},{"duration":1},{"duration":1},{"duration":0}],"scaleFrame":[{"duration":1},{"duration":1},{"duration":1},{"duration":1},{"duration":1},{"duration":0}],"translateFrame":[{"y":0.2759,"duration":1,"x":-5.0241},{"y":-0.2458,"duration":1,"x":-0.3253},{"y":1.511,"duration":1,"x":0.6867},{"y":-1.0205,"duration":1,"x":-3.5783},{"y":-4.2802,"duration":1},{"y":-33.1021,"duration":0,"x":-11.9744}],"name":"weapon_r"}],"playTimes":0,"duration":5,"slot":[{"colorFrame":[{"duration":1},{"duration":1},{"duration":1},{"duration":1},{"duration":1},{"duration":0}],"name":"weapon_r","displayFrame":[{"duration":1},{"value":1,"duration":1},{"value":2,"duration":1},{"value":3,"duration":1},{"value":4,"duration":1},{"value":-1,"duration":0}]}],"name":"newAnimation"}],"slot":[{"color":{},"displayIndex":3,"name":"weapon_r","parent":"weapon_r"}],"skin":[{"name":"","slot":[{"display":[{"path":"weapon_1004c_r","type":"image","name":"weapon_1004c_r","transform":{"y":-27.3462,"x":172.7167}},{"path":"weapon_1004b_r","type":"image","name":"weapon_1004b_r","transform":{"y":-28.072,"x":160.8761}},{"path":"weapon_1004e_r","type":"image","name":"weapon_1004e_r","transform":{"y":-20,"x":198}},{"edges":[0,1,1,2,2,3,3,4,4,5,5,6,6,7,7,8,8,9,9,10,10,11,11,12,12,13,13,14,14,15,15,16,16,17,17,18,18,19,19,20,20,21,21,0],"uvs":[1,1,0.97814,0.74651,0.95146,0.52209,0.90303,0.28527,0.83464,0.1124,0.77455,0.00853,0.69608,-0.00039,0.69428,0.12946,0.65942,0.21628,0.60583,0.11822,0.28217,0.21047,0.20213,-0.00039,0,-0.00039,0,1,0.40056,1,0.38722,0.82791,0.60258,0.82791,0.67108,0.74109,0.70437,0.89651,0.78105,0.91434,0.85448,0.93721,0.92635,0.97209],"userEdges":[],"type":"mesh","vertices":[432.95,94.9,444.75,25.05,402.65,-44.6,379.05,-84.8,336.9,-126.5,300.75,-150,252.25,-157.2,271.25,-118.35,253.75,-92.7,217.4,-107.95,83.7,-59.55,48,-86.75,-42.15,-86.75,-42.15,42.3,136.5,42.3,130.55,20.1,221.3,28.85,263.35,22.95,268.1,81.8,331.95,61.55,357.6,61.65,383.35,66.95],"transform":{},"path":"weapon_1004d_r","width":446,"height":129,"name":"weapon_1004d_r","triangles":[1,21,0,2,21,1,20,21,2,3,20,2,19,20,3,4,19,3,5,7,4,17,19,4,7,17,4,8,17,7,17,18,19,6,7,5,8,16,17,9,16,8,15,16,9,10,15,9,15,13,14,10,13,15,11,13,10,12,13,11]},{"path":"weapon_1004_r","type":"image","name":"weapon_1004_r","transform":{"y":-21.8616,"x":121.7152}},{"path":"weapon_1004s_r","type":"image","name":"weapon_1004s_r","transform":{"y":-28.07,"x":160.88}}],"name":"weapon_r"}]}],"bone":[{"name":"root","transform":{}},{"transform":{},"name":"weapon_r","parent":"root"}],"frameRate":24,"defaultActions":[{"gotoAndPlay":"newAnimation"}],"ik":[],"type":"Armature","name":"weapon","aabb":{"width":446,"y":-64.5,"height":129,"x":-223}},{"animation":[{"ffd":[],"frame":[],"bone":[{"rotateFrame":[],"scaleFrame":[],"translateFrame":[],"name":"root"}],"playTimes":0,"duration":0,"slot":[{"colorFrame":[],"name":"weapon_1004e_r","displayFrame":[]}],"name":"newAnimation"}],"slot":[{"color":{},"name":"weapon_1004e_r","parent":"root"}],"skin":[{"name":"","slot":[{"display":[{"path":"weapon_1004e_r","type":"image","name":"weapon_1004e_r","transform":{"y":5,"x":75}}],"name":"weapon_1004e_r"}]}],"bone":[{"name":"root","transform":{}}],"frameRate":24,"defaultActions":[{"gotoAndPlay":"newAnimation"}],"ik":[],"type":"Armature","name":"weapon_1004s_r","aabb":{"width":542,"y":-96.5,"height":203,"x":-196}}],"isGlobal":0,"name":"weapon_1004_show","version":"5.5"}